"PRODUCT_ID_MASTER","PRODUCT_NAME_MASTER","UNIT_PRICE_MASTER","TRANSACTION_ID","TRANSACTION_DATE","PRODUCT_NAME","QUANTITY","UNIT_PRICE","TOTAL_PRICE","SIMILARITY"
"P001","ソニー BRAVIA KJ-55X9500G",150000,"E000001","2023-01-01","ソニー  BRAVIA  KJ-55X9500G＜半額セール＞",2,150000,300000,0.9934214942
"P002","パナソニック VIERA TH-55FX700M",120000,"E000002","2023-02-02","パナソニック VIERA TH55FX700M[期間限定]",3,120000,360000,0.9583651734
"P003","シャープ AQUOS 4T KJ-55X7000",110000,"E000003","2023-03-03","シャープ AQUOS 4T KJ-55X7000（ネット）【期間限定】",4,110000,440000,0.9810491812
"P004","日清カップヌードル",200,"E000004","2023-04-04","日清 カップヌードル（期間限定）",5,200,1000,1
"P005","キリン一番挿りビール",400,"E000005","2023-05-05","キリン  一番搾りビール（期間限定）",1,400,400,0.9540843964
"P006","花王アタック洗剤",800,"E000006","2023-06-06","アタック洗剤[期間限定]",2,800,1600,0.999999702
"P007","ユニクロヒートテックTシャツ",1500,"E000007","2023-07-07","ﾕﾆｸﾛ ﾋｰﾄﾃッｸTｼャﾂ（ﾈッﾄ）[期間限定]",3,1500,4500,1
"P052","無印良品リネンシャツ",2800,"E000008","2023-08-08","無印良品 オーガニックコットンシャツ[期間限定]",4,2500,10000,0.9252262756
"P008","無印良品オーガニックコットンシャツ",2500,"E000008","2023-08-08","無印良品 オーガニックコットンシャツ[期間限定]",4,2500,10000,1
"P009","パイロットフリクションボールペン",100,"E000009","2023-09-09","パイロット  フリクションボールペン［半額セール］",5,100,500,1
"P062","パイロットフリクションペン",130,"E000009","2023-09-09","パイロット  フリクションボールペン［半額セール］",5,100,500,0.9776494476
"P073","タカラトミー ウルトラマンフィギュア",3000,"E000010","2023-10-10","タカラトミー ガンダムフィギュア[期間限定]",1,3000,3000,0.9230620861
"P010","タカラトミー ガンダムフィギュア",3000,"E000010","2023-10-10","タカラトミー ガンダムフィギュア[期間限定]",1,3000,3000,0.9843309522
"P011","東芝 REGZA 43532",70000,"E000011","2023-11-11","東芝 ＲＥＧＺＡ ４３Ｓ３２（ネット）＜半額セール＞",2,70000,140000,0.9476086811
"P012","明治 ミルクチョコレート",150,"E000012","2023-12-12","ミルクチョコレート［半額セール］",3,150,450,0.9999993443
"P039","ロッテガーナミルクチョコレート",180,"E000012","2023-12-12","ミルクチョコレート［半額セール］",3,150,450,0.9080526288
"P013","ライオン レノアハピネス",500,"E000013","2023-01-13","ライオン  レノアハピネス【半額セール】",4,500,2000,0.9764359593
"P014","三菱エアコン MSZ-GV3519",90000,"E000014","2023-02-14","三菱ｴｱｺﾝ MSZGV3519＜期間限定＞",5,90000,450000,0.9756042376
"P015","森永エンゼルパイ",300,"E000015","2023-03-15","森永 エンゼルパイ（ネット）【期間限定】",1,300,300,1
"P016","日立 4 Kスマートテレビ",80000,"E000016","2023-04-16","日立 4Kスマートテレビ[期間限定]",2,80000,160000,0.9795356685
"P017","パナソニック 4 Kプロジェクター",130000,"E000017","2023-05-17","パナソニック  4Kプロジェクター[期間限定]",3,130000,390000,0.9715064764
"P018","シャープ加湿器 HX-50",15000,"E000018","2023-06-18","加湿器 HX50[半額セール]",4,15000,60000,0.9917040457
"P019","ソニーワイヤレスヘッドホンWH-1000XM4",90000,"E000019","2023-07-19","ソニー ワイヤレスヘッドホン WH-1000XM4（ネット）＜期間限定＞",5,90000,450000,1
"P020","パナソニック 掃除機 MC-CL883",75000,"E000020","2023-08-20","パナソニック 掃除機 mc-cl883＜半額セール＞",1,75000,75000,0.9941212531
"P021","東芝ノンフロン冷蔵庫",85000,"E000021","2023-09-21","東芝  ﾉﾝﾌﾛﾝ冷蔵庫（半額セール）",2,85000,170000,1
"P022","日立 ドラム式洗濯機",100000,"E000022","2023-10-22","日立 ドラム式洗濯機【期間限定】",3,100000,300000,0.9877087481
"P023","パナソニック エアコン CS-XE",95000,"E000023","2023-11-23","パナソニック エアコン CS-XE（ネット）【半額セール】",4,95000,380000,0.9903806147
"P024","ソニー デジタルカメラ a 7 III",200000,"E000024","2023-12-24","デジタルカメラ α7 III[半額セール]",5,200000,1000000,0.9496273711
"P025","キヤノン EOS R6",230000,"E000025","2023-01-25","キヤノン  eos  r6【半額セール】",1,230000,230000,0.9563602831
"P026","富士通ノートパソコン FMV",80000,"E000026","2023-02-26","富士通 ノートパソコン FMV[半額セール]",2,80000,160000,0.991511136
"P027","NEC ValueBook",85000,"E000027","2023-03-27","NEC ValueBook（ネット）【期間限定】",3,85000,255000,0.9497967899
"P028","オリンパス OM-D E-M10",120000,"E000028","2023-04-28","ｵﾘﾝパｽ OM-D E-M10【半額セール】",4,120000,480000,0.9600941253
"P029","キャノン PIXMA IX6820",25000,"E000029","2023-05-01","キャノン  PIXMA  iX6820【期間限定】",5,25000,125000,0.9569397594
"P030","エプソンエコタンク ET-2750",35000,"E000030","2023-06-02","エコタンク et2750（半額セール）",1,35000,35000,0.9882999364
"P031","リコーIM C200",40000,"E000031","2023-07-03","リコー IM C200（ネット）（半額セール）",2,40000,80000,0.946146617
"P032","京セラ DS-300",45000,"E000032","2023-08-04","京セラ DS-300＜期間限定＞",3,45000,135000,0.990211187
"P033","日清どん兵衛",220,"E000033","2023-09-05","日清  どん兵衛＜半額セール＞",4,220,880,1
"P034","サントリーザ・プレミアムモルツ",500,"E000034","2023-10-06","サントリー ザ・プレミアムモルツ[閉店セール]",5,500,2500,1
"P035","ヤクルト 1000",250,"E000035","2023-11-07","ﾔｸﾙﾄ 1000（ﾈッﾄ）［期間限定］",1,250,250,0.9834989896
"P036","ハウス食品カレールウ",300,"E000036","2023-12-08","カレールウ＜半額セール＞",2,300,600,1
"P037","マルちゃん正鐘",250,"E000037","2023-01-09","マルちゃん  正麺[期間限定]",3,250,750,0.9234383702
"P038","江崎グリコポッキー",150,"E000038","2023-02-10","江崎グリコ ポッキー［半額セール］",4,150,600,1
"P039","ロッテガーナミルクチョコレート",180,"E000039","2023-03-11","ロッテ ガーナミルクチョコレート（ネット）［半額セール］",5,180,900,1
"P040","クラシエサッポロ一番",210,"E000040","2023-04-12","クラシエ サッポロ一番［半額セール］",1,210,210,1
"P041","カゴメトマトジュース",180,"E000041","2023-05-13","カゴメ  トマトジュース［半額セール］",2,180,360,1
"P042","ユニ・チャームソフィ",350,"E000042","2023-06-14","ｿﾌィ[閉店セール]",3,350,1050,1
"P043","P&G; アリエール洗濯洗剤",800,"E000043","2023-07-15","P&G アリエール洗濯洗剤（ネット）＜半額セール＞",4,800,3200,0.9800222528
"P044","資生堂 TSUBAKIシャンプー",1200,"E000044","2023-08-16","資生堂 ＴＳＵＢＡＫＩシャンプー【半額セール】",5,1200,6000,0.9974057678
"P045","大正製薬サロンバス",400,"E000045","2023-09-17","大正製薬  サロンパス＜半額セール＞",1,400,400,0.9595024586
"P046","ロート製薬ムヒ",500,"E000046","2023-10-18","ロート製薬 ムヒ［期間限定］",2,500,1000,1
"P047","カネボウハンドクリーム",700,"E000047","2023-11-19","カネボウ ハンドクリーム（ネット）［半額セール］",3,700,2100,1
"P048","花王ソフィ洗濯柔軟剤",300,"E000048","2023-12-20","ソフィ 洗濯柔軟剤【半額セール】",4,300,1200,1
"P049","ユニクロジーンズ",3000,"E000049","2023-01-21","ﾕﾆｸﾛ  ジｰﾝズ[閉店セール]",5,3000,15000,1
"P050","無印良品ウールブレンドコート",5000,"E000050","2023-02-22","無印良品 ウールブレンドコート［半額セール］",1,5000,5000,1
"P051","ユニクロスウェットバーカー",2500,"E000051","2023-03-23","ユニクロ スウェットパーカー（ネット）[半額セール]",2,2500,5000,0.9400864982
"P052","無印良品リネンシャツ",2800,"E000052","2023-04-24","無印良品 リネンシャツ[期間限定]",3,2800,8400,1
"P008","無印良品オーガニックコットンシャツ",2500,"E000052","2023-04-24","無印良品 リネンシャツ[期間限定]",3,2800,8400,0.9252262756
"P053","ユニクロストレッチジャケット",3500,"E000053","2023-05-25","ユニクロ  ストレッチジャケット【期間限定】",4,3500,14000,1
"P054","GUTシャツ",1200,"E000054","2023-06-26","Tシャツ【半額セール】",5,1200,6000,0.9093404466
"P055","無印良品シンブルワンピース",4000,"E000055","2023-07-27","無印良品 シンプルワンピース（ネット）[期間限定]",1,4000,4000,0.9361182806
"P056","パイロット G2 ジェルペン",150,"E000056","2023-08-28","パｲﾛッﾄ G2 ジェﾙペﾝ[期間限定]",2,150,300,0.9866345207
"P057","三菱鉛筆ユニ",120,"E000057","2023-09-01","三菱鉛筆  ユニ[期間限定]",3,120,360,1
"P058","コクヨキャンパスノート",200,"E000058","2023-10-02","コクヨ キャンパスノート[期間限定]",4,200,800,1
"P059","ゼブラマイルドライナー",180,"E000059","2023-11-03","ゼブラ マイルドライナー（ネット）[閉店セール]",5,180,900,1
"P060","トンボ鉛筆モノ消しゴム",100,"E000060","2023-12-04","モノ消しゴム（期間限定）",1,100,100,1
"P061","Pentel EnerGel",180,"E000061","2023-01-05","Pentel  EnerGel［期間限定］",2,180,360,0.9213548899
"P009","パイロットフリクションボールペン",100,"E000062","2023-02-06","パイロット フリクションペン（期間限定）",3,130,390,0.9776494476
"P062","パイロットフリクションペン",130,"E000062","2023-02-06","パイロット フリクションペン（期間限定）",3,130,390,1
"P063","べんてるシャープペンシル",160,"E000063","2023-03-07","ぺんてる ｼャｰプペﾝｼﾙ（ﾈッﾄ）＜期間限定＞",4,160,640,0.9827239806
"P064","クラフトマンボールペン",150,"E000064","2023-04-08","クラフトマン ボールペン［半額セール］",5,150,750,1
"P065","ブラス カラーベンセット",250,"E000065","2023-05-09","プラス  カラーペンセット【期間限定】",1,250,250,0.9005687774
"P066","タカラトミー ブラレール",2800,"E000066","2023-06-10","プラレール［期間限定］",2,2800,5600,0.9188840486
"P067","バンダイ たまごっち",1200,"E000067","2023-07-11","バンダイ たまごっち（ネット）（期間限定）",3,1200,3600,0.9837063238
"P068","バンダイ 仮面ライダーアクションフィギュア",3200,"E000068","2023-08-12","バンダイ 仮面ライダーアクションフィギュア【閉店セール】",4,3200,12800,0.9931232321
"P072","バンダイ スーパーロボットアクションフィギュア",4000,"E000068","2023-08-12","バンダイ 仮面ライダーアクションフィギュア【閉店セール】",4,3200,12800,0.9423522634
"P069","タカラトミー トミカ",1500,"E000069","2023-09-13","タカラトミー  トミカ［半額セール］",5,1500,7500,0.9460848852
"P070","バンダイ トランスフォーマー",3500,"E000070","2023-10-14","バﾝダｲ ﾄﾗﾝｽﾌォｰﾏｰ【閉店セール】",1,3500,3500,0.9774689661
"P071","バンダイ デジモンカード",500,"E000071","2023-11-15","バンダイ デジモンカード（ネット）＜期間限定＞",2,500,1000,0.9834631095
"P073","タカラトミー ウルトラマンフィギュア",3000,"E000072","2023-12-16","スーパーロボットアクションフィギュア［期間限定］",3,4000,12000,0.9006241678
"P010","タカラトミー ガンダムフィギュア",3000,"E000072","2023-12-16","スーパーロボットアクションフィギュア［期間限定］",3,4000,12000,0.9027449663
"P068","バンダイ 仮面ライダーアクションフィギュア",3200,"E000072","2023-12-16","スーパーロボットアクションフィギュア［期間限定］",3,4000,12000,0.9267645144
"P072","バンダイ スーパーロボットアクションフィギュア",4000,"E000072","2023-12-16","スーパーロボットアクションフィギュア［期間限定］",3,4000,12000,0.9999990463
"P073","タカラトミー ウルトラマンフィギュア",3000,"E000073","2023-01-17","タカラトミー  ウルトラマンフィギュア＜半額セール＞",4,3000,12000,0.9897243067
"P010","タカラトミー ガンダムフィギュア",3000,"E000073","2023-01-17","タカラトミー  ウルトラマンフィギュア＜半額セール＞",4,3000,12000,0.9224409047
"P074","バンダイ ミニ四駆",2000,"E000074","2023-02-18","バンダイ ミニ四駆［半額セール］",5,2000,10000,0.9898964191
"P075","ソニー ワイヤレススピーカー SRS-XB12",8000,"E000075","2023-03-19","ソニー ワイヤレススピーカー srs-xb12（ネット）【期間限定】",1,8000,8000,0.9954118734
"P076","パナソニック ポータブルスピーカー",6000,"E000076","2023-04-20","パナソニック ポータブルスピーカー【閉店セール】",2,6000,12000,0.9880003017
"P077","シャープ スマートウォッチ",18000,"E000077","2023-05-21","ｼャｰプ  ｽﾏｰﾄｳォッﾁ（半額セール）",3,18000,54000,0.9759065189
"P078","日立 デジタルサイネージ",95000,"E000078","2023-06-22","デジタルサイネージ＜期間限定＞",4,95000,380000,0.9999993443
"P079","パナソニック 電子レンジ",15000,"E000079","2023-07-23","パナソニック 電子レンジ（ネット）【半額セール】",5,15000,75000,0.9836241007
"P080","ソニー ブルーレイプレーヤー",12000,"E000080","2023-08-24","ソニー ブルーレイプレーヤー【閉店セール】",1,12000,12000,0.9936184287
"P081","LG OLED55C1",180000,"E000081","2023-09-25","LG  OLED55C1（半額セール）",2,180000,360000,0.9513950944
"P082","東芝 LEDテレビ 55型",70000,"E000082","2023-10-26","東芝 LEDテレビ 55型（半額セール）",3,70000,210000,0.9937693773
"P083","パナソニック 冷蔵庫 NR-F603M",90000,"E000083","2023-11-27","パナソニック 冷蔵庫 NR-F603M（ネット）［半額セール］",4,90000,360000,0.994793117
"P084","シャープ 空気清浄機",22000,"E000084","2023-12-28","空気清浄機［期間限定］",5,22000,110000,0.9999992847
"P085","日立 炊飯器 RZ-Mシリーズ",30000,"E000085","2023-01-01","日立  炊飯器  rz-mシリーズ【閉店セール】",1,30000,30000,0.9927926364
"P086","三菱 IHクッキングヒーター",45000,"E000086","2023-02-02","三菱 IHクッキングヒーター【半額セール】",2,45000,90000,0.9955217841
"P087","ソニー ゲーム機 PLAYSTATION5",50000,"E000087","2023-03-03","ソニー ゲーム機 PLAYSTATION5（ネット）【半額セール】",3,50000,150000,0.9725897361
"P088","任天堂 SWITCH",40000,"E000088","2023-04-04","任天堂 ＳＷＩＴＣＨ（期間限定）",4,40000,160000,0.995319367
"P089","マイクロソフト Xbox Series X",55000,"E000089","2023-05-05","マイクロソフト  Xbox  Series  X【半額セール】",5,55000,275000,0.9520860314
"P090","パナソニック ピエラ ブルーレイレコーダー",35000,"E000090","2023-06-06","ビエラ ブルーレイレコーダー[期間限定]",1,35000,35000,0.9346124212
"P091","シャープ スマートフォン AQUOS R6",70000,"E000091","2023-07-07","ｼャｰプ ｽﾏｰﾄﾌォﾝ AQUOS R6（ﾈッﾄ）【期間限定】",2,70000,140000,0.9559124371
"P092","ソニー デジタル一眼レフα7RⅣ",250000,"E000092","2023-08-08","ソニー デジタル一眼レフ α7R IV【閉店セール】",3,250000,750000,0.9939725403
"P024","ソニー デジタルカメラ a 7 III",200000,"E000092","2023-08-08","ソニー デジタル一眼レフ α7R IV【閉店セール】",3,250000,750000,0.9145718319
"P025","キヤノン EOS R6",230000,"E000093","2023-09-09","キヤノン  EOS  90D[半額セール]",4,150000,600000,0.9026525675
"P093","キヤノン EOS 90D",150000,"E000093","2023-09-09","キヤノン  EOS  90D[半額セール]",4,150000,600000,0.979501605
"P094","富士フイルム X-T4",170000,"E000094","2023-10-10","富士フイルム XT4【半額セール】",5,170000,850000,0.9665569703
"P095","オリンパス PEN-F",140000,"E000095","2023-11-11","オリンパス pen-f（ネット）［半額セール］",1,140000,140000,0.9935394222
"P097","キャノン imagePROGRAF PRO-1000",300000,"E000097","2023-01-13","キャノン  imagePROGRAF  PRO-1000＜期間限定＞",3,300000,900000,0.9815536748
"P098","エプソン スキャナー Perfection V39",25000,"E000098","2023-02-14","ｴプｿﾝ ｽｷャﾅｰ Perfection V39＜半額セール＞",4,25000,100000,0.9804114115
"P099","リコー MP C4504",80000,"E000099","2023-03-15","リコー ＭＰ Ｃ４５０４（ネット）［半額セール］",5,80000,400000,0.9662852924
"P100","京セラ TASKalfa 2552ci",250000,"E000100","2023-04-16","京セラ taskalfa 2552ci＜半額セール＞",1,250000,250000,0.9748405799
"P001","ソニー BRAVIA KJ-55X9500G",150000,"E000101","2023-05-17","ソニー  BRAVIA  KJ-55X9500G[半額セール]",2,150000,300000,0.9934214942
"P002","パナソニック VIERA TH-55FX700M",120000,"E000102","2023-06-18","VIERA TH55FX700M（半額セール）",3,120000,360000,0.9282530355
"P003","シャープ AQUOS 4T KJ-55X7000",110000,"E000103","2023-07-19","シャープ AQUOS 4T KJ-55X7000（ネット）［半額セール］",4,110000,440000,0.9810491812
"P004","日清カップヌードル",200,"E000104","2023-08-20","日清 カップヌードル＜半額セール＞",5,200,1000,1
"P005","キリン一番挿りビール",400,"E000105","2023-09-21","ｷﾘﾝ  一番搾りビｰﾙ[半額セール]",1,400,400,0.9540843964
"P006","花王アタック洗剤",800,"E000106","2023-10-22","花王 アタック洗剤【期間限定】",2,800,1600,1
"P048","花王ソフィ洗濯柔軟剤",300,"E000106","2023-10-22","花王 アタック洗剤【期間限定】",2,800,1600,0.9199602652
"P007","ユニクロヒートテックTシャツ",1500,"E000107","2023-11-23","ユニクロ ヒートテックTシャツ（ネット）【半額セール】",3,1500,4500,1
"P008","無印良品オーガニックコットンシャツ",2500,"E000108","2023-12-24","オーガニックコットンシャツ＜期間限定＞",4,2500,10000,0.999999404
"P009","パイロットフリクションボールペン",100,"E000109","2023-01-25","パイロット  フリクションボールペン［期間限定］",5,100,500,1
"P062","パイロットフリクションペン",130,"E000109","2023-01-25","パイロット  フリクションボールペン［期間限定］",5,100,500,0.9776494476
"P073","タカラトミー ウルトラマンフィギュア",3000,"E000110","2023-02-26","タカラトミー ガンダムフィギュア［期間限定］",1,3000,3000,0.9230620861
"P010","タカラトミー ガンダムフィギュア",3000,"E000110","2023-02-26","タカラトミー ガンダムフィギュア［期間限定］",1,3000,3000,0.9843309522
"P011","東芝 REGZA 43532",70000,"E000111","2023-03-27","東芝 REGZA 43S32（ネット）（半額セール）",2,70000,140000,0.9476086811
"P012","明治 ミルクチョコレート",150,"E000112","2023-04-28","明治 ﾐﾙｸﾁョｺﾚｰﾄ［半額セール］",3,150,450,0.9755544692
"P013","ライオン レノアハピネス",500,"E000113","2023-05-01","ライオン  レノアハピネス［期間限定］",4,500,2000,0.9764359593
"P014","三菱エアコン MSZ-GV3519",90000,"E000114","2023-06-02","MSZGV3519（期間限定）",5,90000,450000,0.912910591
"P015","森永エンゼルパイ",300,"E000115","2023-07-03","森永 エンゼルパイ（ネット）＜半額セール＞",1,300,300,1
"P016","日立 4 Kスマートテレビ",80000,"E000116","2023-08-04","日立 4Kスマートテレビ＜半額セール＞",2,80000,160000,0.9795356685
"P017","パナソニック 4 Kプロジェクター",130000,"E000117","2023-09-05","パナソニック  4Kプロジェクター【閉店セール】",3,130000,390000,0.9715064764
"P018","シャープ加湿器 HX-50",15000,"E000118","2023-10-06","シャープ 加湿器 HX50[半額セール]",4,15000,60000,0.9924043426
"P019","ソニーワイヤレスヘッドホンWH-1000XM4",90000,"E000119","2023-11-07","ｿﾆｰ ﾜｲﾔﾚｽﾍッドﾎﾝ WH-1000XM4（ﾈッﾄ）［半額セール］",5,90000,450000,1
"P020","パナソニック 掃除機 MC-CL883",75000,"E000120","2023-12-08","掃除機 mc-cl883[閉店セール]",1,75000,75000,0.9961136575
"P021","東芝ノンフロン冷蔵庫",85000,"E000121","2023-01-09","東芝  ノンフロン冷蔵庫【半額セール】",2,85000,170000,1
"P022","日立 ドラム式洗濯機",100000,"E000122","2023-02-10","日立 ドラム式洗濯機［半額セール］",3,100000,300000,0.9877087481
"P023","パナソニック エアコン CS-XE",95000,"E000123","2023-03-11","パナソニック エアコン CS-XE（ネット）[閉店セール]",4,95000,380000,0.9903806147
"P092","ソニー デジタル一眼レフα7RⅣ",250000,"E000124","2023-04-12","ソニー デジタルカメラ α7 III＜期間限定＞",5,200000,1000000,0.9215557575
"P024","ソニー デジタルカメラ a 7 III",200000,"E000124","2023-04-12","ソニー デジタルカメラ α7 III＜期間限定＞",5,200000,1000000,0.9719845653
"P025","キヤノン EOS R6",230000,"E000125","2023-05-13","キヤノン  eos  r6[閉店セール]",1,230000,230000,0.9563602831
"P026","富士通ノートパソコン FMV",80000,"E000126","2023-06-14","ﾉｰﾄパｿｺﾝ FMV[期間限定]",2,80000,160000,0.9910228274
"P027","NEC ValueBook",85000,"E000127","2023-07-15","NEC ValueBook（ネット）［半額セール］",3,85000,255000,0.9497967899
"P028","オリンパス OM-D E-M10",120000,"E000128","2023-08-16","オリンパス OM-D E-M10【半額セール】",4,120000,480000,0.9600941253
"P029","キャノン PIXMA IX6820",25000,"E000129","2023-09-17","キャノン  PIXMA  iX6820[閉店セール]",5,25000,125000,0.9569397594
"P030","エプソンエコタンク ET-2750",35000,"E000130","2023-10-18","エプソン エコタンク et2750【半額セール】",1,35000,35000,0.9894628525
"P031","リコーIM C200",40000,"E000131","2023-11-19","リコー IM C200（ネット）[半額セール]",2,40000,80000,0.946146617
"P032","京セラ DS-300",45000,"E000132","2023-12-20","ＤＳ－３００（半額セール）",3,45000,135000,0.9999992847
"P033","日清どん兵衛",220,"E000133","2023-01-21","日清  どん兵衛[半額セール]",4,220,880,1
"P034","サントリーザ・プレミアムモルツ",500,"E000134","2023-02-22","サントリー ザ・プレミアムモルツ[期間限定]",5,500,2500,1
"P035","ヤクルト 1000",250,"E000135","2023-03-23","ヤクルト 1000（ネット）＜期間限定＞",1,250,250,0.9834989896
"P036","ハウス食品カレールウ",300,"E000136","2023-04-24","ハウス食品 カレールウ［半額セール］",2,300,600,1
"P037","マルちゃん正鐘",250,"E000137","2023-05-25","マルちゃん  正麺＜半額セール＞",3,250,750,0.9234383702
"P038","江崎グリコポッキー",150,"E000138","2023-06-26","ポッキー[半額セール]",4,150,600,1
"P039","ロッテガーナミルクチョコレート",180,"E000139","2023-07-27","ロッテ ガーナミルクチョコレート（ネット）（期間限定）",5,180,900,1
"P040","クラシエサッポロ一番",210,"E000140","2023-08-28","ｸﾗｼｴ ｻッポﾛ一番【期間限定】",1,210,210,1
"P041","カゴメトマトジュース",180,"E000141","2023-09-01","カゴメ  トマトジュース（期間限定）",2,180,360,1
"P042","ユニ・チャームソフィ",350,"E000142","2023-10-02","ユニ・チャーム ソフィ[閉店セール]",3,350,1050,1
"P043","P&G; アリエール洗濯洗剤",800,"E000143","2023-11-03","Ｐ＆Ｇ アリエール洗濯洗剤（ネット）【閉店セール】",4,800,3200,0.9800222528
"P044","資生堂 TSUBAKIシャンプー",1200,"E000144","2023-12-04","TSUBAKIシャンプー（半額セール）",5,1200,6000,1
"P045","大正製薬サロンバス",400,"E000145","2023-01-05","大正製薬  サロンパス[閉店セール]",1,400,400,0.9595024586
"P046","ロート製薬ムヒ",500,"E000146","2023-02-06","ロート製薬 ムヒ【閉店セール】",2,500,1000,1
"P047","カネボウハンドクリーム",700,"E000147","2023-03-07","ｶﾈボｳ ﾊﾝドｸﾘｰﾑ（ﾈッﾄ）[期間限定]",3,700,2100,1
"P006","花王アタック洗剤",800,"E000148","2023-04-08","花王 ソフィ 洗濯柔軟剤[期間限定]",4,300,1200,0.9199602652
"P048","花王ソフィ洗濯柔軟剤",300,"E000148","2023-04-08","花王 ソフィ 洗濯柔軟剤[期間限定]",4,300,1200,1
"P049","ユニクロジーンズ",3000,"E000149","2023-05-09","ユニクロ  ジーンズ（半額セール）",5,3000,15000,1
"P050","無印良品ウールブレンドコート",5000,"E000150","2023-06-10","ウールブレンドコート【半額セール】",1,5000,5000,1
"P051","ユニクロスウェットバーカー",2500,"E000151","2023-07-11","ユニクロ スウェットパーカー（ネット）［期間限定］",2,2500,5000,0.9400864982
"P052","無印良品リネンシャツ",2800,"E000152","2023-08-12","無印良品 リネンシャツ[半額セール]",3,2800,8400,1
"P008","無印良品オーガニックコットンシャツ",2500,"E000152","2023-08-12","無印良品 リネンシャツ[半額セール]",3,2800,8400,0.9252262756
"P053","ユニクロストレッチジャケット",3500,"E000153","2023-09-13","ユニクロ  ストレッチジャケット［半額セール］",4,3500,14000,1
"P054","GUTシャツ",1200,"E000154","2023-10-14","ＧＵ Ｔｼャﾂ（期間限定）",5,1200,6000,1
"P055","無印良品シンブルワンピース",4000,"E000155","2023-11-15","無印良品 シンプルワンピース（ネット）［期間限定］",1,4000,4000,0.9361182806
"P056","パイロット G2 ジェルペン",150,"E000156","2023-12-16","G2 ジェルペン［半額セール］",2,150,300,0.9702057514
"P057","三菱鉛筆ユニ",120,"E000157","2023-01-17","三菱鉛筆  ユニ【半額セール】",3,120,360,1
"P058","コクヨキャンパスノート",200,"E000158","2023-02-18","コクヨ キャンパスノート【半額セール】",4,200,800,1
"P059","ゼブラマイルドライナー",180,"E000159","2023-03-19","ゼブラ マイルドライナー（ネット）[閉店セール]",5,180,900,1
"P060","トンボ鉛筆モノ消しゴム",100,"E000160","2023-04-20","トンボ鉛筆 モノ消しゴム（半額セール）",1,100,100,1
"P061","Pentel EnerGel",180,"E000161","2023-05-21","Pentel  EnerGel（半額セール）",2,180,360,0.9213548899
"P009","パイロットフリクションボールペン",100,"E000162","2023-06-22","フリクションペン（半額セール）",3,130,390,0.9689989071
"P062","パイロットフリクションペン",130,"E000162","2023-06-22","フリクションペン（半額セール）",3,130,390,1
"P063","べんてるシャープペンシル",160,"E000163","2023-07-23","ぺんてる シャープペンシル（ネット）【半額セール】",4,160,640,0.9827239806
"P064","クラフトマンボールペン",150,"E000164","2023-08-24","クラフトマン ボールペン[閉店セール]",5,150,750,1
"P065","ブラス カラーベンセット",250,"E000165","2023-09-25","プラス  カラーペンセット【閉店セール】",1,250,250,0.9005687774
"P066","タカラトミー ブラレール",2800,"E000166","2023-10-26","タカラトミー プラレール【半額セール】",2,2800,5600,0.9298551804
"P067","バンダイ たまごっち",1200,"E000167","2023-11-27","バンダイ たまごっち（ネット）[半額セール]",3,1200,3600,0.9837063238
"P068","バンダイ 仮面ライダーアクションフィギュア",3200,"E000168","2023-12-28","仮面ﾗｲダｰｱｸｼョﾝﾌィギュｱ＜期間限定＞",4,3200,12800,0.9999992251
"P072","バンダイ スーパーロボットアクションフィギュア",4000,"E000168","2023-12-28","仮面ﾗｲダｰｱｸｼョﾝﾌィギュｱ＜期間限定＞",4,3200,12800,0.9266868277
"P069","タカラトミー トミカ",1500,"E000169","2023-01-01","タカラトミー  トミカ（半額セール）",5,1500,7500,0.9460848852
"P070","バンダイ トランスフォーマー",3500,"E000170","2023-02-02","バンダイ トランスフォーマー（半額セール）",1,3500,3500,0.9774689661
"P071","バンダイ デジモンカード",500,"E000171","2023-03-03","バンダイ デジモンカード（ネット）[閉店セール]",2,500,1000,0.9834631095
"P068","バンダイ 仮面ライダーアクションフィギュア",3200,"E000172","2023-04-04","バンダイ スーパーロボットアクションフィギュア【閉店セール】",3,4000,12000,0.9428445595
"P072","バンダイ スーパーロボットアクションフィギュア",4000,"E000172","2023-04-04","バンダイ スーパーロボットアクションフィギュア【閉店セール】",3,4000,12000,0.9952417313
"P073","タカラトミー ウルトラマンフィギュア",3000,"E000173","2023-05-05","タカラトミー  ウルトラマンフィギュア（半額セール）",4,3000,12000,0.9897243067
"P010","タカラトミー ガンダムフィギュア",3000,"E000173","2023-05-05","タカラトミー  ウルトラマンフィギュア（半額セール）",4,3000,12000,0.9224409047
"P074","バンダイ ミニ四駆",2000,"E000174","2023-06-06","ミニ四駆［半額セール］",5,2000,10000,0.9999989867
"P075","ソニー ワイヤレススピーカー SRS-XB12",8000,"E000175","2023-07-07","ｿﾆｰ ﾜｲﾔﾚｽｽピｰｶｰ srs-xb12（ﾈッﾄ）【期間限定】",1,8000,8000,0.9954118734
"P076","パナソニック ポータブルスピーカー",6000,"E000176","2023-08-08","パナソニック ポータブルスピーカー【閉店セール】",2,6000,12000,0.9880003017
"P077","シャープ スマートウォッチ",18000,"E000177","2023-09-09","シャープ  スマートウォッチ［半額セール］",3,18000,54000,0.9759065189
"P078","日立 デジタルサイネージ",95000,"E000178","2023-10-10","日立 デジタルサイネージ[期間限定]",4,95000,380000,0.9836075306
"P079","パナソニック 電子レンジ",15000,"E000179","2023-11-11","パナソニック 電子レンジ（ネット）（期間限定）",5,15000,75000,0.9836241007
"P080","ソニー ブルーレイプレーヤー",12000,"E000180","2023-12-12","ブルーレイプレーヤー[期間限定]",1,12000,12000,0.9999989867
"P081","LG OLED55C1",180000,"E000181","2023-01-13","LG  OLED55C1（期間限定）",2,180000,360000,0.9513950944
"P082","東芝 LEDテレビ 55型",70000,"E000182","2023-02-14","東芝 LEDﾃﾚビ 55型（半額セール）",3,70000,210000,0.9937693773
"P083","パナソニック 冷蔵庫 NR-F603M",90000,"E000183","2023-03-15","パナソニック 冷蔵庫 NR-F603M（ネット）［半額セール］",4,90000,360000,0.994793117
"P084","シャープ 空気清浄機",22000,"E000184","2023-04-16","シャープ 空気清浄機[期間限定]",5,22000,110000,0.9821861408
"P085","日立 炊飯器 RZ-Mシリーズ",30000,"E000185","2023-05-17","日立  炊飯器  rz-mシリーズ（半額セール）",1,30000,30000,0.9927926364
"P086","三菱 IHクッキングヒーター",45000,"E000186","2023-06-18","IHクッキングヒーター【閉店セール】",2,45000,90000,0.9999986291
"P087","ソニー ゲーム機 PLAYSTATION5",50000,"E000187","2023-07-19","ソニー ゲーム機 ＰＬＡＹＳＴＡＴＩＯＮ５（ネット）［半額セール］",3,50000,150000,0.9725897361
"P088","任天堂 SWITCH",40000,"E000188","2023-08-20","任天堂 SWITCH（半額セール）",4,40000,160000,0.995319367
"P089","マイクロソフト Xbox Series X",55000,"E000189","2023-09-21","ﾏｲｸﾛｿﾌﾄ  Xbox  Series  X【期間限定】",5,55000,275000,0.9520860314
"P090","パナソニック ピエラ ブルーレイレコーダー",35000,"E000190","2023-10-22","パナソニック ビエラ ブルーレイレコーダー＜期間限定＞",1,35000,35000,0.9554833174
"P091","シャープ スマートフォン AQUOS R6",70000,"E000191","2023-11-23","シャープ スマートフォン AQUOS R6（ネット）【閉店セール】",2,70000,140000,0.9559124371
"P092","ソニー デジタル一眼レフα7RⅣ",250000,"E000192","2023-12-24","デジタル一眼レフ α7R IV[閉店セール]",3,250000,750000,0.9690845013
"P025","キヤノン EOS R6",230000,"E000193","2023-01-25","キヤノン  EOS  90D（期間限定）",4,150000,600000,0.9026525675
"P093","キヤノン EOS 90D",150000,"E000193","2023-01-25","キヤノン  EOS  90D（期間限定）",4,150000,600000,0.979501605
"P094","富士フイルム X-T4",170000,"E000194","2023-02-26","富士フイルム XT4＜期間限定＞",5,170000,850000,0.9665569703
"P095","オリンパス PEN-F",140000,"E000195","2023-03-27","オリンパス pen-f（ネット）（半額セール）",1,140000,140000,0.9935394222
"P096","ニコン Z6 II",200000,"E000196","2023-04-28","ﾆｺﾝ Z6 II（期間限定）",2,200000,400000,0.9856343269
"P097","キャノン imagePROGRAF PRO-1000",300000,"E000197","2023-05-01","キャノン  imagePROGRAF  PRO-1000【期間限定】",3,300000,900000,0.9815536748
"P098","エプソン スキャナー Perfection V39",25000,"E000198","2023-06-02","スキャナー Ｐｅｒｆｅｃｔｉｏｎ Ｖ３９［期間限定］",4,25000,100000,0.9806135916
"P099","リコー MP C4504",80000,"E000199","2023-07-03","リコー MP C4504（ネット）[期間限定]",5,80000,400000,0.9662852924
"P100","京セラ TASKalfa 2552ci",250000,"E000200","2023-08-04","京セラ taskalfa 2552ci【半額セール】",1,250000,250000,0.9748405799
"P001","ソニー BRAVIA KJ-55X9500G",150000,"E000201","2023-09-05","ソニー  BRAVIA  KJ-55X9500G【閉店セール】",2,150000,300000,0.9934214942
"P002","パナソニック VIERA TH-55FX700M",120000,"E000202","2023-10-06","パナソニック VIERA TH55FX700M[期間限定]",3,120000,360000,0.9583651734
"P003","シャープ AQUOS 4T KJ-55X7000",110000,"E000203","2023-11-07","ｼャｰプ AQUOS 4T KJ-55X7000（ﾈッﾄ）[半額セール]",4,110000,440000,0.9810491812
"P004","日清カップヌードル",200,"E000204","2023-12-08","カップヌードル[半額セール]",5,200,1000,0.9999991059
"P005","キリン一番挿りビール",400,"E000205","2023-01-09","キリン  一番搾りビール[半額セール]",1,400,400,0.9540843964
"P006","花王アタック洗剤",800,"E000206","2023-02-10","花王 アタック洗剤【閉店セール】",2,800,1600,1
"P048","花王ソフィ洗濯柔軟剤",300,"E000206","2023-02-10","花王 アタック洗剤【閉店セール】",2,800,1600,0.9199602652
"P007","ユニクロヒートテックTシャツ",1500,"E000207","2023-03-11","ユニクロ ヒートテックTシャツ（ネット）（半額セール）",3,1500,4500,1
"P052","無印良品リネンシャツ",2800,"E000208","2023-04-12","無印良品 オーガニックコットンシャツ＜半額セール＞",4,2500,10000,0.9252262756
"P008","無印良品オーガニックコットンシャツ",2500,"E000208","2023-04-12","無印良品 オーガニックコットンシャツ＜半額セール＞",4,2500,10000,1
"P009","パイロットフリクションボールペン",100,"E000209","2023-05-13","パイロット  フリクションボールペン[半額セール]",5,100,500,1
"P062","パイロットフリクションペン",130,"E000209","2023-05-13","パイロット  フリクションボールペン[半額セール]",5,100,500,0.9776494476
"P073","タカラトミー ウルトラマンフィギュア",3000,"E000210","2023-06-14","ガﾝダﾑﾌィギュｱ（期間限定）",1,3000,3000,0.9195267558
"P010","タカラトミー ガンダムフィギュア",3000,"E000210","2023-06-14","ガﾝダﾑﾌィギュｱ（期間限定）",1,3000,3000,0.9999992251
"P072","バンダイ スーパーロボットアクションフィギュア",4000,"E000210","2023-06-14","ガﾝダﾑﾌィギュｱ（期間限定）",1,3000,3000,0.902746439
"P011","東芝 REGZA 43532",70000,"E000211","2023-07-15","東芝 REGZA 43S32（ネット）【半額セール】",2,70000,140000,0.9476086811
"P012","明治 ミルクチョコレート",150,"E000212","2023-08-16","明治 ミルクチョコレート[半額セール]",3,150,450,0.9755544692
"P013","ライオン レノアハピネス",500,"E000213","2023-09-17","ライオン  レノアハピネス（半額セール）",4,500,2000,0.9764359593
"P014","三菱エアコン MSZ-GV3519",90000,"E000214","2023-10-18","三菱エアコン MSZGV3519＜半額セール＞",5,90000,450000,0.9756042376
"P015","森永エンゼルパイ",300,"E000215","2023-11-19","森永 エンゼルパイ（ネット）[半額セール]",1,300,300,1
"P016","日立 4 Kスマートテレビ",80000,"E000216","2023-12-20","4Kスマートテレビ[期間限定]",2,80000,160000,0.9457018939
"P017","パナソニック 4 Kプロジェクター",130000,"E000217","2023-01-21","パﾅｿﾆッｸ  4Kプﾛジェｸﾀｰ【半額セール】",3,130000,390000,0.9715064764
"P018","シャープ加湿器 HX-50",15000,"E000218","2023-02-22","シャープ 加湿器 HX50[半額セール]",4,15000,60000,0.9924043426
"P019","ソニーワイヤレスヘッドホンWH-1000XM4",90000,"E000219","2023-03-23","ソニー ワイヤレスヘッドホン WH-1000XM4（ネット）[閉店セール]",5,90000,450000,1
"P020","パナソニック 掃除機 MC-CL883",75000,"E000220","2023-04-24","パナソニック 掃除機 ｍｃ－ｃｌ８８３[期間限定]",1,75000,75000,0.9941212531
"P021","東芝ノンフロン冷蔵庫",85000,"E000221","2023-05-25","東芝  ノンフロン冷蔵庫[閉店セール]",2,85000,170000,1
"P022","日立 ドラム式洗濯機",100000,"E000222","2023-06-26","ドラム式洗濯機[半額セール]",3,100000,300000,0.9999992251
"P023","パナソニック エアコン CS-XE",95000,"E000223","2023-07-27","パナソニック エアコン CS-XE（ネット）［期間限定］",4,95000,380000,0.9903806147
"P092","ソニー デジタル一眼レフα7RⅣ",250000,"E000224","2023-08-28","ｿﾆｰ デジﾀﾙｶﾒﾗ α7 III（半額セール）",5,200000,1000000,0.9215557575
"P024","ソニー デジタルカメラ a 7 III",200000,"E000224","2023-08-28","ｿﾆｰ デジﾀﾙｶﾒﾗ α7 III（半額セール）",5,200000,1000000,0.9719845653
"P025","キヤノン EOS R6",230000,"E000225","2023-09-01","キヤノン  eos  r6（期間限定）",1,230000,230000,0.9563602831
"P026","富士通ノートパソコン FMV",80000,"E000226","2023-10-02","富士通 ノートパソコン FMV［期間限定］",2,80000,160000,0.991511136
"P027","NEC ValueBook",85000,"E000227","2023-11-03","NEC ValueBook（ネット）（半額セール）",3,85000,255000,0.9497967899
"P028","オリンパス OM-D E-M10",120000,"E000228","2023-12-04","OM-D E-M10[半額セール]",4,120000,480000,0.9383558911
"P029","キャノン PIXMA IX6820",25000,"E000229","2023-01-05","キャノン  PIXMA  iX6820＜期間限定＞",5,25000,125000,0.9569397594
"P030","エプソンエコタンク ET-2750",35000,"E000230","2023-02-06","エプソン エコタンク et2750＜期間限定＞",1,35000,35000,0.9894628525
"P031","リコーIM C200",40000,"E000231","2023-03-07","ﾘｺｰ ＩＭ Ｃ２００（ﾈッﾄ）【閉店セール】",2,40000,80000,0.946146617
"P032","京セラ DS-300",45000,"E000232","2023-04-08","京セラ DS-300［期間限定］",3,45000,135000,0.990211187
"P033","日清どん兵衛",220,"E000233","2023-05-09","日清  どん兵衛【閉店セール】",4,220,880,1
"P034","サントリーザ・プレミアムモルツ",500,"E000234","2023-06-10","ザ・プレミアムモルツ＜半額セール＞",5,500,2500,1
"P035","ヤクルト 1000",250,"E000235","2023-07-11","ヤクルト 1000（ネット）＜半額セール＞",1,250,250,0.9834989896
"P036","ハウス食品カレールウ",300,"E000236","2023-08-12","ハウス食品 カレールウ【半額セール】",2,300,600,1
"P037","マルちゃん正鐘",250,"E000237","2023-09-13","マルちゃん  正麺（半額セール）",3,250,750,0.9234383702
"P038","江崎グリコポッキー",150,"E000238","2023-10-14","江崎グﾘｺ ポッｷｰ【閉店セール】",4,150,600,1
"P039","ロッテガーナミルクチョコレート",180,"E000239","2023-11-15","ロッテ ガーナミルクチョコレート（ネット）【閉店セール】",5,180,900,1
"P040","クラシエサッポロ一番",210,"E000240","2023-12-16","サッポロ一番【期間限定】",1,210,210,1
"P041","カゴメトマトジュース",180,"E000241","2023-01-17","カゴメ  トマトジュース［期間限定］",2,180,360,1
"P042","ユニ・チャームソフィ",350,"E000242","2023-02-18","ユニ・チャーム ソフィ[半額セール]",3,350,1050,1
"P043","P&G; アリエール洗濯洗剤",800,"E000243","2023-03-19","P&G アリエール洗濯洗剤（ネット）【期間限定】",4,800,3200,0.9800222528
"P044","資生堂 TSUBAKIシャンプー",1200,"E000244","2023-04-20","資生堂 TSUBAKIシャンプー[閉店セール]",5,1200,6000,0.9974057678
"P045","大正製薬サロンバス",400,"E000245","2023-05-21","大正製薬  ｻﾛﾝパｽ[半額セール]",1,400,400,0.9595024586
"P046","ロート製薬ムヒ",500,"E000246","2023-06-22","ムヒ（半額セール）",2,500,1000,1
"P047","カネボウハンドクリーム",700,"E000247","2023-07-23","カネボウ ハンドクリーム（ネット）【期間限定】",3,700,2100,1
"P006","花王アタック洗剤",800,"E000248","2023-08-24","花王 ソフィ 洗濯柔軟剤＜半額セール＞",4,300,1200,0.9199602652
"P048","花王ソフィ洗濯柔軟剤",300,"E000248","2023-08-24","花王 ソフィ 洗濯柔軟剤＜半額セール＞",4,300,1200,1
"P049","ユニクロジーンズ",3000,"E000249","2023-09-25","ユニクロ  ジーンズ[半額セール]",5,3000,15000,1
"P050","無印良品ウールブレンドコート",5000,"E000250","2023-10-26","無印良品 ウールブレンドコート＜半額セール＞",1,5000,5000,1
"P051","ユニクロスウェットバーカー",2500,"E000251","2023-11-27","ユニクロ スウェットパーカー（ネット）＜半額セール＞",2,2500,5000,0.9400864982
"P052","無印良品リネンシャツ",2800,"E000252","2023-12-28","ﾘﾈﾝｼャﾂ＜半額セール＞",3,2800,8400,1
"P053","ユニクロストレッチジャケット",3500,"E000253","2023-01-01","ユニクロ  ストレッチジャケット[半額セール]",4,3500,14000,1
"P054","GUTシャツ",1200,"E000254","2023-02-02","GU Tシャツ【期間限定】",5,1200,6000,1
"P055","無印良品シンブルワンピース",4000,"E000255","2023-03-03","無印良品 シンプルワンピース（ネット）＜期間限定＞",1,4000,4000,0.9361182806
"P056","パイロット G2 ジェルペン",150,"E000256","2023-04-04","パイロット G2 ジェルペン（半額セール）",2,150,300,0.9866345207
"P057","三菱鉛筆ユニ",120,"E000257","2023-05-05","三菱鉛筆  ユニ【期間限定】",3,120,360,1
"P058","コクヨキャンパスノート",200,"E000258","2023-06-06","キャンパスノート[閉店セール]",4,200,800,1
"P059","ゼブラマイルドライナー",180,"E000259","2023-07-07","ゼブﾗ ﾏｲﾙドﾗｲﾅｰ（ﾈッﾄ）（半額セール）",5,180,900,1
"P060","トンボ鉛筆モノ消しゴム",100,"E000260","2023-08-08","トンボ鉛筆 モノ消しゴム［期間限定］",1,100,100,1
"P061","Pentel EnerGel",180,"E000261","2023-09-09","Pentel  EnerGel【期間限定】",2,180,360,0.9213548899
"P009","パイロットフリクションボールペン",100,"E000262","2023-10-10","パイロット フリクションペン＜半額セール＞",3,130,390,0.9776494476
"P062","パイロットフリクションペン",130,"E000262","2023-10-10","パイロット フリクションペン＜半額セール＞",3,130,390,1
"P063","べんてるシャープペンシル",160,"E000263","2023-11-11","ぺんてる シャープペンシル（ネット）[閉店セール]",4,160,640,0.9827239806
"P064","クラフトマンボールペン",150,"E000264","2023-12-12","ボールペン［半額セール］",5,150,750,0.9030462619
"P065","ブラス カラーベンセット",250,"E000265","2023-01-13","プラス  カラーペンセット（期間限定）",1,250,250,0.9005687774
"P066","タカラトミー ブラレール",2800,"E000266","2023-02-14","ﾀｶﾗﾄﾐｰ プﾗﾚｰﾙ＜半額セール＞",2,2800,5600,0.9298551804
"P067","バンダイ たまごっち",1200,"E000267","2023-03-15","バンダイ たまごっち（ネット）［期間限定］",3,1200,3600,0.9837063238
"P068","バンダイ 仮面ライダーアクションフィギュア",3200,"E000268","2023-04-16","バンダイ 仮面ライダーアクションフィギュア＜期間限定＞",4,3200,12800,0.9931232321
"P072","バンダイ スーパーロボットアクションフィギュア",4000,"E000268","2023-04-16","バンダイ 仮面ライダーアクションフィギュア＜期間限定＞",4,3200,12800,0.9423522634
"P069","タカラトミー トミカ",1500,"E000269","2023-05-17","タカラトミー  トミカ＜期間限定＞",5,1500,7500,0.9460848852
"P070","バンダイ トランスフォーマー",3500,"E000270","2023-06-18","トランスフォーマー【閉店セール】",1,3500,3500,0.9999992847
"P071","バンダイ デジモンカード",500,"E000271","2023-07-19","バンダイ デジモンカード（ネット）[半額セール]",2,500,1000,0.9834631095
"P068","バンダイ 仮面ライダーアクションフィギュア",3200,"E000272","2023-08-20","バンダイ スーパーロボットアクションフィギュア【閉店セール】",3,4000,12000,0.9428445595
"P072","バンダイ スーパーロボットアクションフィギュア",4000,"E000272","2023-08-20","バンダイ スーパーロボットアクションフィギュア【閉店セール】",3,4000,12000,0.9952417313
"P073","タカラトミー ウルトラマンフィギュア",3000,"E000273","2023-09-21","ﾀｶﾗﾄﾐｰ  ｳﾙﾄﾗﾏﾝﾌィギュｱ【閉店セール】",4,3000,12000,0.9897243067
"P010","タカラトミー ガンダムフィギュア",3000,"E000273","2023-09-21","ﾀｶﾗﾄﾐｰ  ｳﾙﾄﾗﾏﾝﾌィギュｱ【閉店セール】",4,3000,12000,0.9224409047
"P074","バンダイ ミニ四駆",2000,"E000274","2023-10-22","バンダイ ミニ四駆【期間限定】",5,2000,10000,0.9898964191
"P075","ソニー ワイヤレススピーカー SRS-XB12",8000,"E000275","2023-11-23","ソニー ワイヤレススピーカー ｓｒｓ－ｘｂ１２（ネット）＜半額セール＞",1,8000,8000,0.9954118734
"P076","パナソニック ポータブルスピーカー",6000,"E000276","2023-12-24","ポータブルスピーカー（半額セール）",2,6000,12000,0.999999404
"P077","シャープ スマートウォッチ",18000,"E000277","2023-01-25","シャープ  スマートウォッチ[閉店セール]",3,18000,54000,0.9759065189
"P078","日立 デジタルサイネージ",95000,"E000278","2023-02-26","日立 デジタルサイネージ【期間限定】",4,95000,380000,0.9836075306
"P079","パナソニック 電子レンジ",15000,"E000279","2023-03-27","パナソニック 電子レンジ（ネット）[閉店セール]",5,15000,75000,0.9836241007
"P080","ソニー ブルーレイプレーヤー",12000,"E000280","2023-04-28","ｿﾆｰ ブﾙｰﾚｲプﾚｰﾔｰ＜期間限定＞",1,12000,12000,0.9936184287
"P081","LG OLED55C1",180000,"E000281","2023-05-01","LG  OLED55C1【閉店セール】",2,180000,360000,0.9513950944
"P082","東芝 LEDテレビ 55型",70000,"E000282","2023-06-02","LEDテレビ 55型＜半額セール＞",3,70000,210000,0.9945827429
"P083","パナソニック 冷蔵庫 NR-F603M",90000,"E000283","2023-07-03","パナソニック 冷蔵庫 NR-F603M（ネット）＜期間限定＞",4,90000,360000,0.994793117
"P084","シャープ 空気清浄機",22000,"E000284","2023-08-04","シャープ 空気清浄機＜期間限定＞",5,22000,110000,0.9821861408
"P085","日立 炊飯器 RZ-Mシリーズ",30000,"E000285","2023-09-05","日立  炊飯器  rz-mシリーズ[半額セール]",1,30000,30000,0.9927926364
"P086","三菱 IHクッキングヒーター",45000,"E000286","2023-10-06","三菱 ＩＨクッキングヒーター［半額セール］",2,45000,90000,0.9955217841
"P087","ソニー ゲーム機 PLAYSTATION5",50000,"E000287","2023-11-07","ｿﾆｰ ゲｰﾑ機 PLAYSTATION5（ﾈッﾄ）［半額セール］",3,50000,150000,0.9725897361
"P089","マイクロソフト Xbox Series X",55000,"E000289","2023-01-09","マイクロソフト  Xbox  Series  X【期間限定】",5,55000,275000,0.9521060047
"P090","パナソニック ピエラ ブルーレイレコーダー",35000,"E000290","2023-02-10","パナソニック ビエラ ブルーレイレコーダー［期間限定］",1,35000,35000,0.9555053194
"P091","シャープ スマートフォン AQUOS R6",70000,"E000291","2023-03-11","シャープ スマートフォン AQUOS R6（ネット）（半額セール）",2,70000,140000,0.9558861256
"P092","ソニー デジタル一眼レフα7RⅣ",250000,"E000292","2023-04-12","ソニー デジタル一眼レフ α7R IV＜半額セール＞",3,250000,750000,0.9939720927
"P024","ソニー デジタルカメラ a 7 III",200000,"E000292","2023-04-12","ソニー デジタル一眼レフ α7R IV＜半額セール＞",3,250000,750000,0.9146034445
"P025","キヤノン EOS R6",230000,"E000293","2023-05-13","キヤノン  EOS  90D【半額セール】",4,150000,600000,0.90263096
"P093","キヤノン EOS 90D",150000,"E000293","2023-05-13","キヤノン  EOS  90D【半額セール】",4,150000,600000,0.9794873656
"P094","富士フイルム X-T4",170000,"E000294","2023-06-14","XT4【閉店セール】",5,170000,850000,0.9306555432
"P095","オリンパス PEN-F",140000,"E000295","2023-07-15","オリンパス pen-f（ネット）【期間限定】",1,140000,140000,0.9935512543
"P096","ニコン Z6 II",200000,"E000296","2023-08-16","ニコン Z6 II【期間限定】",2,200000,400000,0.9856565033
"P097","キャノン imagePROGRAF PRO-1000",300000,"E000297","2023-09-17","キャノン  ｉｍａｇｅＰＲＯＧＲＡＦ  ＰＲＯ－１０００[閉店セール]",3,300000,900000,0.9815218449
"P098","エプソン スキャナー Perfection V39",25000,"E000298","2023-10-18","エプソン スキャナー Perfection V39【半額セール】",4,25000,100000,0.9804282188
"P099","リコー MP C4504",80000,"E000299","2023-11-19","リコー MP C4504（ネット）【半額セール】",5,80000,400000,0.9662558744
"P100","京セラ TASKalfa 2552ci",250000,"E000300","2023-12-20","taskalfa 2552ci＜期間限定＞",1,250000,250000,0.9690041542
"P001","ソニー BRAVIA KJ-55X9500G",150000,"E000301","2023-01-21","ｿﾆｰ  BRAVIA  KJ-55X9500G（期間限定）",2,150000,300000,0.9934263522
"P002","パナソニック VIERA TH-55FX700M",120000,"E000302","2023-02-22","パナソニック VIERA TH55FX700M［期間限定］",3,120000,360000,0.9584057045
"P003","シャープ AQUOS 4T KJ-55X7000",110000,"E000303","2023-03-23","シャープ AQUOS 4T KJ-55X7000（ネット）［半額セール］",4,110000,440000,0.9810452169
"P004","日清カップヌードル",200,"E000304","2023-04-24","日清 カップヌードル＜期間限定＞",5,200,1000,0.9999995232
"P005","キリン一番挿りビール",400,"E000305","2023-05-25","キリン  一番搾りビール【期間限定】",1,400,400,0.9540805817
"P006","花王アタック洗剤",800,"E000306","2023-06-26","アタック洗剤[期間限定]",2,800,1600,1
"P007","ユニクロヒートテックTシャツ",1500,"E000307","2023-07-27","ユニクロ ヒートテックTシャツ（ネット）［半額セール］",3,1500,4500,0.9999993443
"P052","無印良品リネンシャツ",2800,"E000308","2023-08-28","無印良品 ｵｰガﾆッｸｺッﾄﾝｼャﾂ[閉店セール]",4,2500,10000,0.9252478614
"P008","無印良品オーガニックコットンシャツ",2500,"E000308","2023-08-28","無印良品 ｵｰガﾆッｸｺッﾄﾝｼャﾂ[閉店セール]",4,2500,10000,0.9999990463
"P009","パイロットフリクションボールペン",100,"E000309","2023-09-01","パイロット  フリクションボールペン【閉店セール】",5,100,500,0.9999994636
"P062","パイロットフリクションペン",130,"E000309","2023-09-01","パイロット  フリクションボールペン【閉店セール】",5,100,500,0.9776633951
"P073","タカラトミー ウルトラマンフィギュア",3000,"E000310","2023-10-02","タカラトミー ガンダムフィギュア［期間限定］",1,3000,3000,0.9230812696
"P010","タカラトミー ガンダムフィギュア",3000,"E000310","2023-10-02","タカラトミー ガンダムフィギュア［期間限定］",1,3000,3000,0.9843535405
"P011","東芝 REGZA 43532",70000,"E000311","2023-11-03","東芝 REGZA 43S32（ネット）【閉店セール】",2,70000,140000,0.9476617512
"P012","明治 ミルクチョコレート",150,"E000312","2023-12-04","ミルクチョコレート（半額セール）",3,150,450,1
"P039","ロッテガーナミルクチョコレート",180,"E000312","2023-12-04","ミルクチョコレート（半額セール）",3,150,450,0.9081032331
"P013","ライオン レノアハピネス",500,"E000313","2023-01-05","ライオン  レノアハピネス【半額セール】",4,500,2000,0.9764366164
"P014","三菱エアコン MSZ-GV3519",90000,"E000314","2023-02-06","三菱エアコン MSZGV3519【期間限定】",5,90000,450000,0.9755470782
"P015","森永エンゼルパイ",300,"E000315","2023-03-07","森永 ｴﾝゼﾙパｲ（ﾈッﾄ）＜半額セール＞",1,300,300,0.9999993742
"P016","日立 4 Kスマートテレビ",80000,"E000316","2023-04-08","日立 4Kスマートテレビ[半額セール]",2,80000,160000,0.9795305145
"P017","パナソニック 4 Kプロジェクター",130000,"E000317","2023-05-09","パナソニック  4Kプロジェクター＜期間限定＞",3,130000,390000,0.9715495672
"P018","シャープ加湿器 HX-50",15000,"E000318","2023-06-10","加湿器 HX50【閉店セール】",4,15000,60000,0.9917109909
"P019","ソニーワイヤレスヘッドホンWH-1000XM4",90000,"E000319","2023-07-11","ソニー ワイヤレスヘッドホン ＷＨ－１０００ＸＭ４（ネット）（期間限定）",5,90000,450000,0.9999991059
"P020","パナソニック 掃除機 MC-CL883",75000,"E000320","2023-08-12","パナソニック 掃除機 mc-cl883＜期間限定＞",1,75000,75000,0.9941084977
"P021","東芝ノンフロン冷蔵庫",85000,"E000321","2023-09-13","東芝  ノンフロン冷蔵庫【期間限定】",2,85000,170000,1
"P022","日立 ドラム式洗濯機",100000,"E000322","2023-10-14","日立 ドﾗﾑ式洗濯機＜期間限定＞",3,100000,300000,0.9877087481
"P023","パナソニック エアコン CS-XE",95000,"E000323","2023-11-15","パナソニック エアコン CS-XE（ネット）［期間限定］",4,95000,380000,0.9903806147
"P024","ソニー デジタルカメラ a 7 III",200000,"E000324","2023-12-16","デジタルカメラ α7 III（期間限定）",5,200000,1000000,0.9496273711
"P025","キヤノン EOS R6",230000,"E000325","2023-01-17","キヤノン  eos  r6[期間限定]",1,230000,230000,0.9563602831
"P026","富士通ノートパソコン FMV",80000,"E000326","2023-02-18","富士通 ノートパソコン FMV［半額セール］",2,80000,160000,0.991511136
"P027","NEC ValueBook",85000,"E000327","2023-03-19","NEC ValueBook（ネット）［期間限定］",3,85000,255000,0.9497967899
"P028","オリンパス OM-D E-M10",120000,"E000328","2023-04-20","オリンパス OM-D E-M10（期間限定）",4,120000,480000,0.9600941253
"P029","キャノン PIXMA IX6820",25000,"E000329","2023-05-21","ｷャﾉﾝ  PIXMA  iX6820＜期間限定＞",5,25000,125000,0.9569397594
"P030","エプソンエコタンク ET-2750",35000,"E000330","2023-06-22","エコタンク ｅｔ２７５０［期間限定］",1,35000,35000,0.9882999364
"P031","リコーIM C200",40000,"E000331","2023-07-23","リコー IM C200（ネット）［半額セール］",2,40000,80000,0.946146617
"P032","京セラ DS-300",45000,"E000332","2023-08-24","京セラ DS-300【期間限定】",3,45000,135000,0.990211187
"P033","日清どん兵衛",220,"E000333","2023-09-25","日清  どん兵衛＜半額セール＞",4,220,880,1
"P034","サントリーザ・プレミアムモルツ",500,"E000334","2023-10-26","サントリー ザ・プレミアムモルツ[半額セール]",5,500,2500,1
"P035","ヤクルト 1000",250,"E000335","2023-11-27","ヤクルト 1000（ネット）[半額セール]",1,250,250,0.9834989896
"P036","ハウス食品カレールウ",300,"E000336","2023-12-28","ｶﾚｰﾙｳ［期間限定］",2,300,600,1
"P037","マルちゃん正鐘",250,"E000337","2023-01-01","マルちゃん  正麺＜半額セール＞",3,250,750,0.9234383702
"P038","江崎グリコポッキー",150,"E000338","2023-02-02","江崎グリコ ポッキー【閉店セール】",4,150,600,1
"P039","ロッテガーナミルクチョコレート",180,"E000339","2023-03-03","ロッテ ガーナミルクチョコレート（ネット）[閉店セール]",5,180,900,1
"P040","クラシエサッポロ一番",210,"E000340","2023-04-04","クラシエ サッポロ一番［半額セール］",1,210,210,1
"P041","カゴメトマトジュース",180,"E000341","2023-05-05","カゴメ  トマトジュース［期間限定］",2,180,360,1
"P042","ユニ・チャームソフィ",350,"E000342","2023-06-06","ソフィ＜期間限定＞",3,350,1050,1
"P043","P&G; アリエール洗濯洗剤",800,"E000343","2023-07-07","P&G ｱﾘｴｰﾙ洗濯洗剤（ﾈッﾄ）［半額セール］",4,800,3200,0.9800222528
"P044","資生堂 TSUBAKIシャンプー",1200,"E000344","2023-08-08","資生堂 TSUBAKIシャンプー（期間限定）",5,1200,6000,0.9974057678
"P045","大正製薬サロンバス",400,"E000345","2023-09-09","大正製薬  サロンパス[期間限定]",1,400,400,0.9595024586
"P046","ロート製薬ムヒ",500,"E000346","2023-10-10","ロート製薬 ムヒ［半額セール］",2,500,1000,1
"P047","カネボウハンドクリーム",700,"E000347","2023-11-11","カネボウ ハンドクリーム（ネット）＜半額セール＞",3,700,2100,1
"P048","花王ソフィ洗濯柔軟剤",300,"E000348","2023-12-12","ソフィ 洗濯柔軟剤（半額セール）",4,300,1200,1
"P049","ユニクロジーンズ",3000,"E000349","2023-01-13","ユニクロ  ジーンズ＜期間限定＞",5,3000,15000,1
"P050","無印良品ウールブレンドコート",5000,"E000350","2023-02-14","無印良品 ｳｰﾙブﾚﾝドｺｰﾄ[閉店セール]",1,5000,5000,1
"P051","ユニクロスウェットバーカー",2500,"E000351","2023-03-15","ユニクロ スウェットパーカー（ネット）[期間限定]",2,2500,5000,0.9400864982
"P052","無印良品リネンシャツ",2800,"E000352","2023-04-16","無印良品 リネンシャツ【半額セール】",3,2800,8400,1
"P008","無印良品オーガニックコットンシャツ",2500,"E000352","2023-04-16","無印良品 リネンシャツ【半額セール】",3,2800,8400,0.9252262756
"P053","ユニクロストレッチジャケット",3500,"E000353","2023-05-17","ユニクロ  ストレッチジャケット［期間限定］",4,3500,14000,1
"P054","GUTシャツ",1200,"E000354","2023-06-18","Tシャツ（期間限定）",5,1200,6000,0.9093404466
"P055","無印良品シンブルワンピース",4000,"E000355","2023-07-19","無印良品 シンプルワンピース（ネット）【閉店セール】",1,4000,4000,0.9361182806
"P056","パイロット G2 ジェルペン",150,"E000356","2023-08-20","パイロット G2 ジェルペン［半額セール］",2,150,300,0.9866345207
"P057","三菱鉛筆ユニ",120,"E000357","2023-09-21","三菱鉛筆  ﾕﾆ【期間限定】",3,120,360,1
"P058","コクヨキャンパスノート",200,"E000358","2023-10-22","コクヨ キャンパスノート＜期間限定＞",4,200,800,1
"P059","ゼブラマイルドライナー",180,"E000359","2023-11-23","ゼブラ マイルドライナー（ネット）[期間限定]",5,180,900,1
"P060","トンボ鉛筆モノ消しゴム",100,"E000360","2023-12-24","モノ消しゴム（半額セール）",1,100,100,1
"P061","Pentel EnerGel",180,"E000361","2023-01-25","Pentel  EnerGel（期間限定）",2,180,360,0.9213548899
"P009","パイロットフリクションボールペン",100,"E000362","2023-02-26","パイロット フリクションペン【半額セール】",3,130,390,0.9776494476
"P062","パイロットフリクションペン",130,"E000362","2023-02-26","パイロット フリクションペン【半額セール】",3,130,390,1
"P063","べんてるシャープペンシル",160,"E000363","2023-03-27","ぺんてる シャープペンシル（ネット）[閉店セール]",4,160,640,0.9827239806
"P064","クラフトマンボールペン",150,"E000364","2023-04-28","ｸﾗﾌﾄﾏﾝ ボｰﾙペﾝ（半額セール）",5,150,750,1
"P065","ブラス カラーベンセット",250,"E000365","2023-05-01","プラス  カラーペンセット[半額セール]",1,250,250,0.9006062091
"P066","タカラトミー ブラレール",2800,"E000366","2023-06-02","プラレール＜半額セール＞",2,2800,5600,0.9188936997
"P067","バンダイ たまごっち",1200,"E000367","2023-07-03","バンダイ たまごっち（ネット）[閉店セール]",3,1200,3600,0.983687309
"P068","バンダイ 仮面ライダーアクションフィギュア",3200,"E000368","2023-08-04","バンダイ 仮面ライダーアクションフィギュア[半額セール]",4,3200,12800,0.9931166756
"P072","バンダイ スーパーロボットアクションフィギュア",4000,"E000368","2023-08-04","バンダイ 仮面ライダーアクションフィギュア[半額セール]",4,3200,12800,0.9423532171
"P069","タカラトミー トミカ",1500,"E000369","2023-09-05","タカラトミー  トミカ[期間限定]",5,1500,7500,0.9461058032
"P070","バンダイ トランスフォーマー",3500,"E000370","2023-10-06","バンダイ トランスフォーマー＜期間限定＞",1,3500,3500,0.9774948955
"P071","バンダイ デジモンカード",500,"E000371","2023-11-07","バﾝダｲ デジﾓﾝｶｰド（ﾈッﾄ）【閉店セール】",2,500,1000,0.9834465981
"P073","タカラトミー ウルトラマンフィギュア",3000,"E000372","2023-12-08","スーパーロボットアクションフィギュア【期間限定】",3,4000,12000,0.9006192684
"P010","タカラトミー ガンダムフィギュア",3000,"E000372","2023-12-08","スーパーロボットアクションフィギュア【期間限定】",3,4000,12000,0.9027675448
"P068","バンダイ 仮面ライダーアクションフィギュア",3200,"E000372","2023-12-08","スーパーロボットアクションフィギュア【期間限定】",3,4000,12000,0.9267141994
"P072","バンダイ スーパーロボットアクションフィギュア",4000,"E000372","2023-12-08","スーパーロボットアクションフィギュア【期間限定】",3,4000,12000,1
"P073","タカラトミー ウルトラマンフィギュア",3000,"E000373","2023-01-09","タカラトミー  ウルトラマンフィギュア［半額セール］",4,3000,12000,0.9897114641
"P010","タカラトミー ガンダムフィギュア",3000,"E000373","2023-01-09","タカラトミー  ウルトラマンフィギュア［半額セール］",4,3000,12000,0.9224341558
"P074","バンダイ ミニ四駆",2000,"E000374","2023-02-10","バンダイ ミニ四駆[期間限定]",5,2000,10000,0.9899050611
"P075","ソニー ワイヤレススピーカー SRS-XB12",8000,"E000375","2023-03-11","ソニー ワイヤレススピーカー srs-xb12（ネット）（半額セール）",1,8000,8000,0.9954131839
"P076","パナソニック ポータブルスピーカー",6000,"E000376","2023-04-12","パナソニック ポータブルスピーカー【閉店セール】",2,6000,12000,0.9879907657
"P077","シャープ スマートウォッチ",18000,"E000377","2023-05-13","シャープ  スマートウォッチ＜半額セール＞",3,18000,54000,0.9759453549
"P078","日立 デジタルサイネージ",95000,"E000378","2023-06-14","デジﾀﾙｻｲﾈｰジ（半額セール）",4,95000,380000,1
"P079","パナソニック 電子レンジ",15000,"E000379","2023-07-15","パナソニック 電子レンジ（ネット）［半額セール］",5,15000,75000,0.983620585
"P080","ソニー ブルーレイプレーヤー",12000,"E000380","2023-08-16","ソニー ブルーレイプレーヤー[閉店セール]",1,12000,12000,0.9936130047
"P081","LG OLED55C1",180000,"E000381","2023-09-17","LG  OLED55C1＜半額セール＞",2,180000,360000,0.9513563543
"P082","東芝 LEDテレビ 55型",70000,"E000382","2023-10-18","東芝 LEDテレビ 55型[期間限定]",3,70000,210000,0.9937775439
"P083","パナソニック 冷蔵庫 NR-F603M",90000,"E000383","2023-11-19","パナソニック 冷蔵庫 NR-F603M（ネット）（期間限定）",4,90000,360000,0.9947892434
"P084","シャープ 空気清浄機",22000,"E000384","2023-12-20","空気清浄機（半額セール）",5,22000,110000,1
"P085","日立 炊飯器 RZ-Mシリーズ",30000,"E000385","2023-01-21","日立  炊飯器  ｒｚ－ｍｼﾘｰズ＜半額セール＞",1,30000,30000,0.9928044681
"P086","三菱 IHクッキングヒーター",45000,"E000386","2023-02-22","三菱 IHクッキングヒーター＜期間限定＞",2,45000,90000,0.9955197872
"P087","ソニー ゲーム機 PLAYSTATION5",50000,"E000387","2023-03-23","ソニー ゲーム機 PLAYSTATION5（ネット）（期間限定）",3,50000,150000,0.9725673811
"P088","任天堂 SWITCH",40000,"E000388","2023-04-24","任天堂 SWITCH［期間限定］",4,40000,160000,0.995337814
"P089","マイクロソフト Xbox Series X",55000,"E000389","2023-05-25","マイクロソフト  Xbox  Series  X＜半額セール＞",5,55000,275000,0.9521227734
"P090","パナソニック ピエラ ブルーレイレコーダー",35000,"E000390","2023-06-26","ビエラ ブルーレイレコーダー[期間限定]",1,35000,35000,0.9346086065
"P091","シャープ スマートフォン AQUOS R6",70000,"E000391","2023-07-27","シャープ スマートフォン AQUOS R6（ネット）[半額セール]",2,70000,140000,0.9558975074
"P092","ソニー デジタル一眼レフα7RⅣ",250000,"E000392","2023-08-28","ｿﾆｰ デジﾀﾙ一眼ﾚﾌ α7R IV＜半額セール＞",3,250000,750000,0.9939745665
"P024","ソニー デジタルカメラ a 7 III",200000,"E000392","2023-08-28","ｿﾆｰ デジﾀﾙ一眼ﾚﾌ α7R IV＜半額セール＞",3,250000,750000,0.9145991257
"P025","キヤノン EOS R6",230000,"E000393","2023-09-01","キヤノン  EOS  90D＜期間限定＞",4,150000,600000,0.9026789607
"P093","キヤノン EOS 90D",150000,"E000393","2023-09-01","キヤノン  EOS  90D＜期間限定＞",4,150000,600000,0.9795200204
"P094","富士フイルム X-T4",170000,"E000394","2023-10-02","富士フイルム XT4［期間限定］",5,170000,850000,0.9665315807
"P095","オリンパス PEN-F",140000,"E000395","2023-11-03","オリンパス pen-f（ネット）【閉店セール】",1,140000,140000,0.9935553681
"P097","キャノン imagePROGRAF PRO-1000",300000,"E000397","2023-01-05","キャノン  imagePROGRAF  PRO-1000（半額セール）",3,300000,900000,0.9815622005
"P098","エプソン スキャナー Perfection V39",25000,"E000398","2023-02-06","エプソン スキャナー Perfection V39＜半額セール＞",4,25000,100000,0.9804266107
"P099","リコー MP C4504",80000,"E000399","2023-03-07","ﾘｺｰ MP C4504（ﾈッﾄ）【期間限定】",5,80000,400000,0.9663336893
"P100","京セラ TASKalfa 2552ci",250000,"E000400","2023-04-08","京セラ taskalfa 2552ci[半額セール]",1,250000,250000,0.9748647824
"P001","ソニー BRAVIA KJ-55X9500G",150000,"E000401","2023-05-09","ソニー  BRAVIA  KJ-55X9500G＜期間限定＞",2,150000,300000,0.9934070998
"P002","パナソニック VIERA TH-55FX700M",120000,"E000402","2023-06-10","VIERA TH55FX700M【閉店セール】",3,120000,360000,0.9282273884
"P003","シャープ AQUOS 4T KJ-55X7000",110000,"E000403","2023-07-11","シャープ AQUOS 4T KJ-55X7000（ネット）［半額セール］",4,110000,440000,0.9810364258
"P004","日清カップヌードル",200,"E000404","2023-08-12","日清 カップヌードル[半額セール]",5,200,1000,0.9999992251
"P005","キリン一番挿りビール",400,"E000405","2023-09-13","キリン  一番搾りビール＜期間限定＞",1,400,400,0.9540778087
"P006","花王アタック洗剤",800,"E000406","2023-10-14","花王 ｱﾀッｸ洗剤＜期間限定＞",2,800,1600,0.9999992847
"P048","花王ソフィ洗濯柔軟剤",300,"E000406","2023-10-14","花王 ｱﾀッｸ洗剤＜期間限定＞",2,800,1600,0.9199110866
"P007","ユニクロヒートテックTシャツ",1500,"E000407","2023-11-15","ユニクロ ヒートテックＴシャツ（ネット）【半額セール】",3,1500,4500,0.9999991059
"P008","無印良品オーガニックコットンシャツ",2500,"E000408","2023-12-16","オーガニックコットンシャツ（期間限定）",4,2500,10000,0.999999404
"P009","パイロットフリクションボールペン",100,"E000409","2023-01-17","パイロット  フリクションボールペン[半額セール]",5,100,500,0.999999702
"P062","パイロットフリクションペン",130,"E000409","2023-01-17","パイロット  フリクションボールペン[半額セール]",5,100,500,0.9776160121
"P073","タカラトミー ウルトラマンフィギュア",3000,"E000410","2023-02-18","タカラトミー ガンダムフィギュア【半額セール】",1,3000,3000,0.9230571939
"P010","タカラトミー ガンダムフィギュア",3000,"E000410","2023-02-18","タカラトミー ガンダムフィギュア【半額セール】",1,3000,3000,0.9843595019
"P011","東芝 REGZA 43532",70000,"E000411","2023-03-19","東芝 REGZA 43S32（ネット）【閉店セール】",2,70000,140000,0.9476694151
"P012","明治 ミルクチョコレート",150,"E000412","2023-04-20","明治 ミルクチョコレート＜期間限定＞",3,150,450,0.975562933
"P013","ライオン レノアハピネス",500,"E000413","2023-05-21","ﾗｲｵﾝ  ﾚﾉｱﾊピﾈｽ[半額セール]",4,500,2000,0.9764429345
"P014","三菱エアコン MSZ-GV3519",90000,"E000414","2023-06-22","MSZGV3519【半額セール】",5,90000,450000,0.9129284076
"P015","森永エンゼルパイ",300,"E000415","2023-07-23","森永 エンゼルパイ（ネット）【閉店セール】",1,300,300,0.9999991953
"P016","日立 4 Kスマートテレビ",80000,"E000416","2023-08-24","日立 4Kスマートテレビ（半額セール）",2,80000,160000,0.9795253569
"P017","パナソニック 4 Kプロジェクター",130000,"E000417","2023-09-25","パナソニック  4Kプロジェクター[閉店セール]",3,130000,390000,0.9715064764
"P018","シャープ加湿器 HX-50",15000,"E000418","2023-10-26","シャープ 加湿器 ＨＸ５０【期間限定】",4,15000,60000,0.9924043426
"P019","ソニーワイヤレスヘッドホンWH-1000XM4",90000,"E000419","2023-11-27","ソニー ワイヤレスヘッドホン WH-1000XM4（ネット）[半額セール]",5,90000,450000,1
"P020","パナソニック 掃除機 MC-CL883",75000,"E000420","2023-12-28","掃除機 mc-cl883＜期間限定＞",1,75000,75000,0.9961136575
"P021","東芝ノンフロン冷蔵庫",85000,"E000421","2023-01-01","東芝  ノンフロン冷蔵庫[半額セール]",2,85000,170000,1
"P022","日立 ドラム式洗濯機",100000,"E000422","2023-02-02","日立 ドラム式洗濯機＜期間限定＞",3,100000,300000,0.9877087481
"P023","パナソニック エアコン CS-XE",95000,"E000423","2023-03-03","パナソニック エアコン CS-XE（ネット）[期間限定]",4,95000,380000,0.9903806147
"P092","ソニー デジタル一眼レフα7RⅣ",250000,"E000424","2023-04-04","ソニー デジタルカメラ α7 III【期間限定】",5,200000,1000000,0.9215557575
"P024","ソニー デジタルカメラ a 7 III",200000,"E000424","2023-04-04","ソニー デジタルカメラ α7 III【期間限定】",5,200000,1000000,0.9719845653
"P025","キヤノン EOS R6",230000,"E000425","2023-05-05","キヤノン  eos  r6[期間限定]",1,230000,230000,0.9563602831
"P026","富士通ノートパソコン FMV",80000,"E000426","2023-06-06","ノートパソコン FMV＜期間限定＞",2,80000,160000,0.9910228274
"P027","NEC ValueBook",85000,"E000427","2023-07-07","NEC ValueBook（ﾈッﾄ）＜半額セール＞",3,85000,255000,0.9497967899
"P028","オリンパス OM-D E-M10",120000,"E000428","2023-08-08","オリンパス OM-D E-M10［半額セール］",4,120000,480000,0.9600941253
"P029","キャノン PIXMA IX6820",25000,"E000429","2023-09-09","キャノン  ＰＩＸＭＡ  ｉＸ６８２０＜期間限定＞",5,25000,125000,0.9569397594
"P030","エプソンエコタンク ET-2750",35000,"E000430","2023-10-10","エプソン エコタンク et2750（半額セール）",1,35000,35000,0.9894628525
"P031","リコーIM C200",40000,"E000431","2023-11-11","リコー IM C200（ネット）[半額セール]",2,40000,80000,0.946146617
"P032","京セラ DS-300",45000,"E000432","2023-12-12","DS-300[閉店セール]",3,45000,135000,0.9999992847
"P033","日清どん兵衛",220,"E000433","2023-01-13","日清  どん兵衛【閉店セール】",4,220,880,1
"P034","サントリーザ・プレミアムモルツ",500,"E000434","2023-02-14","ｻﾝﾄﾘｰ ザ・プﾚﾐｱﾑﾓﾙﾂ（半額セール）",5,500,2500,1
"P035","ヤクルト 1000",250,"E000435","2023-03-15","ヤクルト 1000（ネット）＜期間限定＞",1,250,250,0.9834989896
"P036","ハウス食品カレールウ",300,"E000436","2023-04-16","ハウス食品 カレールウ【閉店セール】",2,300,600,1
"P037","マルちゃん正鐘",250,"E000437","2023-05-17","マルちゃん  正麺【期間限定】",3,250,750,0.9234383702
"P038","江崎グリコポッキー",150,"E000438","2023-06-18","ポッキー【閉店セール】",4,150,600,1
"P039","ロッテガーナミルクチョコレート",180,"E000439","2023-07-19","ロッテ ガーナミルクチョコレート（ネット）［半額セール］",5,180,900,1
"P040","クラシエサッポロ一番",210,"E000440","2023-08-20","クラシエ サッポロ一番（期間限定）",1,210,210,1
"P041","カゴメトマトジュース",180,"E000441","2023-09-21","ｶゴﾒ  ﾄﾏﾄジュｰｽ（期間限定）",2,180,360,1
"P042","ユニ・チャームソフィ",350,"E000442","2023-10-22","ユニ・チャーム ソフィ＜期間限定＞",3,350,1050,1
"P043","P&G; アリエール洗濯洗剤",800,"E000443","2023-11-23","P&G アリエール洗濯洗剤（ネット）[半額セール]",4,800,3200,0.9800222528
"P044","資生堂 TSUBAKIシャンプー",1200,"E000444","2023-12-24","TSUBAKIシャンプー[期間限定]",5,1200,6000,1
"P045","大正製薬サロンバス",400,"E000445","2023-01-25","大正製薬  サロンパス【閉店セール】",1,400,400,0.9595024586
"P046","ロート製薬ムヒ",500,"E000446","2023-02-26","ロート製薬 ムヒ【閉店セール】",2,500,1000,1
"P047","カネボウハンドクリーム",700,"E000447","2023-03-27","カネボウ ハンドクリーム（ネット）【半額セール】",3,700,2100,1
"P006","花王アタック洗剤",800,"E000448","2023-04-28","花王 ｿﾌィ 洗濯柔軟剤＜半額セール＞",4,300,1200,0.9199602652
"P048","花王ソフィ洗濯柔軟剤",300,"E000448","2023-04-28","花王 ｿﾌィ 洗濯柔軟剤＜半額セール＞",4,300,1200,1
"P049","ユニクロジーンズ",3000,"E000449","2023-05-01","ユニクロ  ジーンズ【半額セール】",5,3000,15000,1
"P050","無印良品ウールブレンドコート",5000,"E000450","2023-06-02","ウールブレンドコート＜半額セール＞",1,5000,5000,1
"P051","ユニクロスウェットバーカー",2500,"E000451","2023-07-03","ユニクロ スウェットパーカー（ネット）[半額セール]",2,2500,5000,0.9400864982
"P052","無印良品リネンシャツ",2800,"E000452","2023-08-04","無印良品 リネンシャツ【半額セール】",3,2800,8400,1
"P008","無印良品オーガニックコットンシャツ",2500,"E000452","2023-08-04","無印良品 リネンシャツ【半額セール】",3,2800,8400,0.9252262756
"P053","ユニクロストレッチジャケット",3500,"E000453","2023-09-05","ユニクロ  ストレッチジャケット＜期間限定＞",4,3500,14000,1
"P054","GUTシャツ",1200,"E000454","2023-10-06","GU Tシャツ＜期間限定＞",5,1200,6000,1
"P055","無印良品シンブルワンピース",4000,"E000455","2023-11-07","無印良品 ｼﾝプﾙﾜﾝピｰｽ（ﾈッﾄ）（期間限定）",1,4000,4000,0.9361182806
"P056","パイロット G2 ジェルペン",150,"E000456","2023-12-08","G2 ジェルペン[閉店セール]",2,150,300,0.9702057514
"P057","三菱鉛筆ユニ",120,"E000457","2023-01-09","三菱鉛筆  ユニ【期間限定】",3,120,360,1
"P058","コクヨキャンパスノート",200,"E000458","2023-02-10","コクヨ キャンパスノート（半額セール）",4,200,800,1
"P059","ゼブラマイルドライナー",180,"E000459","2023-03-11","ゼブラ マイルドライナー（ネット）＜半額セール＞",5,180,900,1
"P060","トンボ鉛筆モノ消しゴム",100,"E000460","2023-04-12","トンボ鉛筆 モノ消しゴム[閉店セール]",1,100,100,1
"P061","Pentel EnerGel",180,"E000461","2023-05-13","Pentel  EnerGel[期間限定]",2,180,360,0.9213548899
"P009","パイロットフリクションボールペン",100,"E000462","2023-06-14","ﾌﾘｸｼョﾝペﾝ＜期間限定＞",3,130,390,0.9689989071
"P062","パイロットフリクションペン",130,"E000462","2023-06-14","ﾌﾘｸｼョﾝペﾝ＜期間限定＞",3,130,390,1
"P063","べんてるシャープペンシル",160,"E000463","2023-07-15","ぺんてる シャープペンシル（ネット）［半額セール］",4,160,640,0.9827239806
"P064","クラフトマンボールペン",150,"E000464","2023-08-16","クラフトマン ボールペン【半額セール】",5,150,750,1
"P065","ブラス カラーベンセット",250,"E000465","2023-09-17","プラス  カラーペンセット＜半額セール＞",1,250,250,0.9005687774
"P066","タカラトミー ブラレール",2800,"E000466","2023-10-18","タカラトミー プラレール【閉店セール】",2,2800,5600,0.9298551804
"P067","バンダイ たまごっち",1200,"E000467","2023-11-19","バンダイ たまごっち（ネット）＜半額セール＞",3,1200,3600,0.9837063238
"P068","バンダイ 仮面ライダーアクションフィギュア",3200,"E000468","2023-12-20","仮面ライダーアクションフィギュア＜半額セール＞",4,3200,12800,0.9999992251
"P072","バンダイ スーパーロボットアクションフィギュア",4000,"E000468","2023-12-20","仮面ライダーアクションフィギュア＜半額セール＞",4,3200,12800,0.9266868277
"P069","タカラトミー トミカ",1500,"E000469","2023-01-21","ﾀｶﾗﾄﾐｰ  ﾄﾐｶ[閉店セール]",5,1500,7500,0.9460848852
"P070","バンダイ トランスフォーマー",3500,"E000470","2023-02-22","バンダイ トランスフォーマー[半額セール]",1,3500,3500,0.9774689661
"P071","バンダイ デジモンカード",500,"E000471","2023-03-23","バンダイ デジモンカード（ネット）[閉店セール]",2,500,1000,0.9834631095
"P068","バンダイ 仮面ライダーアクションフィギュア",3200,"E000472","2023-04-24","バンダイ スーパーロボットアクションフィギュア[閉店セール]",3,4000,12000,0.9428445595
"P072","バンダイ スーパーロボットアクションフィギュア",4000,"E000472","2023-04-24","バンダイ スーパーロボットアクションフィギュア[閉店セール]",3,4000,12000,0.9952417313
"P073","タカラトミー ウルトラマンフィギュア",3000,"E000473","2023-05-25","タカラトミー  ウルトラマンフィギュア[閉店セール]",4,3000,12000,0.9897243067
"P010","タカラトミー ガンダムフィギュア",3000,"E000473","2023-05-25","タカラトミー  ウルトラマンフィギュア[閉店セール]",4,3000,12000,0.9224409047
"P074","バンダイ ミニ四駆",2000,"E000474","2023-06-26","ミニ四駆[閉店セール]",5,2000,10000,0.9999989867
"P075","ソニー ワイヤレススピーカー SRS-XB12",8000,"E000475","2023-07-27","ソニー ワイヤレススピーカー srs-xb12（ネット）（期間限定）",1,8000,8000,0.9954118734
"P076","パナソニック ポータブルスピーカー",6000,"E000476","2023-08-28","パﾅｿﾆッｸ ポｰﾀブﾙｽピｰｶｰ［期間限定］",2,6000,12000,0.9880003017
"P077","シャープ スマートウォッチ",18000,"E000477","2023-09-01","シャープ  スマートウォッチ[期間限定]",3,18000,54000,0.9759065189
"P078","日立 デジタルサイネージ",95000,"E000478","2023-10-02","日立 デジタルサイネージ（半額セール）",4,95000,380000,0.9836075306
"P079","パナソニック 電子レンジ",15000,"E000479","2023-11-03","パナソニック 電子レンジ（ネット）＜半額セール＞",5,15000,75000,0.9836241007
"P080","ソニー ブルーレイプレーヤー",12000,"E000480","2023-12-04","ブルーレイプレーヤー[閉店セール]",1,12000,12000,0.9999989867
"P081","LG OLED55C1",180000,"E000481","2023-01-05","LG  OLED55C1［半額セール］",2,180000,360000,0.9513950944
"P082","東芝 LEDテレビ 55型",70000,"E000482","2023-02-06","東芝 LEDテレビ 55型（半額セール）",3,70000,210000,0.9937693773
"P083","パナソニック 冷蔵庫 NR-F603M",90000,"E000483","2023-03-07","パﾅｿﾆッｸ 冷蔵庫 NR-F603M（ﾈッﾄ）[期間限定]",4,90000,360000,0.994793117
"P084","シャープ 空気清浄機",22000,"E000484","2023-04-08","シャープ 空気清浄機[閉店セール]",5,22000,110000,0.9821861408
"P085","日立 炊飯器 RZ-Mシリーズ",30000,"E000485","2023-05-09","日立  炊飯器  rz-mシリーズ（期間限定）",1,30000,30000,0.9927926364
"P086","三菱 IHクッキングヒーター",45000,"E000486","2023-06-10","IHクッキングヒーター[期間限定]",2,45000,90000,0.9999986291
"P087","ソニー ゲーム機 PLAYSTATION5",50000,"E000487","2023-07-11","ソニー ゲーム機 PLAYSTATION5（ネット）［半額セール］",3,50000,150000,0.9725897361
"P088","任天堂 SWITCH",40000,"E000488","2023-08-12","任天堂 SWITCH＜半額セール＞",4,40000,160000,0.995319367
"P089","マイクロソフト Xbox Series X",55000,"E000489","2023-09-13","マイクロソフト  Xbox  Series  X（半額セール）",5,55000,275000,0.9520860314
"P090","パナソニック ピエラ ブルーレイレコーダー",35000,"E000490","2023-10-14","パﾅｿﾆッｸ ビｴﾗ ブﾙｰﾚｲﾚｺｰダｰ[半額セール]",1,35000,35000,0.9554833174
"P091","シャープ スマートフォン AQUOS R6",70000,"E000491","2023-11-15","シャープ スマートフォン AQUOS R6（ネット）（半額セール）",2,70000,140000,0.9559124371
"P092","ソニー デジタル一眼レフα7RⅣ",250000,"E000492","2023-12-16","デジタル一眼レフ α7R IV［半額セール］",3,250000,750000,0.9690845013
"P025","キヤノン EOS R6",230000,"E000493","2023-01-17","キヤノン  EOS  90D[閉店セール]",4,150000,600000,0.9026525675
"P093","キヤノン EOS 90D",150000,"E000493","2023-01-17","キヤノン  EOS  90D[閉店セール]",4,150000,600000,0.979501605
"P094","富士フイルム X-T4",170000,"E000494","2023-02-18","富士フイルム XT4【閉店セール】",5,170000,850000,0.9665569703
"P095","オリンパス PEN-F",140000,"E000495","2023-03-19","オリンパス ｐｅｎ－ｆ（ネット）【半額セール】",1,140000,140000,0.9935394222
"P096","ニコン Z6 II",200000,"E000496","2023-04-20","ニコン Z6 II［半額セール］",2,200000,400000,0.9856343269
"P097","キャノン imagePROGRAF PRO-1000",300000,"E000497","2023-05-21","ｷャﾉﾝ  imagePROGRAF  PRO-1000（半額セール）",3,300000,900000,0.9815536748
"P098","エプソン スキャナー Perfection V39",25000,"E000498","2023-06-22","スキャナー Perfection V39【半額セール】",4,25000,100000,0.9806135916
"P099","リコー MP C4504",80000,"E000499","2023-07-23","リコー MP C4504（ネット）（半額セール）",5,80000,400000,0.9662852924
"P100","京セラ TASKalfa 2552ci",250000,"E000500","2023-08-24","京セラ taskalfa 2552ci＜期間限定＞",1,250000,250000,0.9748405799
